{
  "threshold": 0.1,
  "precision": 1.0,
  "recall": 0.7,
  "f1": 0.8235294117647058,
  "pr_auc": 0.9106382978723404,
  "tn": 84,
  "fp": 0,
  "fn": 3,
  "tp": 7
}