split,rows,attack_ratio,attack_count
train,433,0.10161662817551963,44
val,93,0.10752688172043011,10
test,94,0.10638297872340426,10
